iso3,overlay,entity_count,coverage_flag
AFG,media,0,missing
AFG,tech_platform,0,missing
AFG,telecom,0,missing
AFG,defense,0,missing
AFG,security,0,missing
AFG,finance,0,missing
AFG,critical_infra,0,missing
AFG,energy,0,missing
AFG,none,2,present
AGO,media,0,missing
AGO,tech_platform,0,missing
AGO,telecom,0,missing
AGO,defense,0,missing
AGO,security,0,missing
AGO,finance,0,missing
AGO,critical_infra,0,missing
AGO,energy,0,missing
AGO,none,7,present
ALB,media,0,missing
ALB,tech_platform,4,present
ALB,telecom,0,missing
ALB,defense,0,missing
ALB,security,0,missing
ALB,finance,0,missing
ALB,critical_infra,0,missing
ALB,energy,0,missing
ALB,none,19,present
AND,media,0,missing
AND,tech_platform,0,missing
AND,telecom,0,missing
AND,defense,0,missing
AND,security,0,missing
AND,finance,0,missing
AND,critical_infra,0,missing
AND,energy,0,missing
AND,none,0,missing
ARE,media,0,missing
ARE,tech_platform,0,missing
ARE,telecom,0,missing
ARE,defense,0,missing
ARE,security,0,missing
ARE,finance,0,missing
ARE,critical_infra,0,missing
ARE,energy,0,missing
ARE,none,4,present
ARG,media,0,missing
ARG,tech_platform,4,present
ARG,telecom,0,missing
ARG,defense,0,missing
ARG,security,0,missing
ARG,finance,0,missing
ARG,critical_infra,1,present
ARG,energy,0,missing
ARG,none,41,present
ARM,media,0,missing
ARM,tech_platform,1,present
ARM,telecom,0,missing
ARM,defense,0,missing
ARM,security,0,missing
ARM,finance,0,missing
ARM,critical_infra,0,missing
ARM,energy,0,missing
ARM,none,23,present
ATG,media,0,missing
ATG,tech_platform,0,missing
ATG,telecom,0,missing
ATG,defense,0,missing
ATG,security,0,missing
ATG,finance,0,missing
ATG,critical_infra,0,missing
ATG,energy,0,missing
ATG,none,0,missing
AUS,media,1,present
AUS,tech_platform,2,present
AUS,telecom,0,missing
AUS,defense,0,missing
AUS,security,0,missing
AUS,finance,0,missing
AUS,critical_infra,1,present
AUS,energy,0,missing
AUS,none,21,present
AUT,media,1,present
AUT,tech_platform,4,present
AUT,telecom,0,missing
AUT,defense,0,missing
AUT,security,0,missing
AUT,finance,0,missing
AUT,critical_infra,0,missing
AUT,energy,0,missing
AUT,none,19,present
AZE,media,0,missing
AZE,tech_platform,5,present
AZE,telecom,0,missing
AZE,defense,0,missing
AZE,security,0,missing
AZE,finance,0,missing
AZE,critical_infra,0,missing
AZE,energy,0,missing
AZE,none,4,present
BDI,media,0,missing
BDI,tech_platform,0,missing
BDI,telecom,0,missing
BDI,defense,1,present
BDI,security,0,missing
BDI,finance,0,missing
BDI,critical_infra,0,missing
BDI,energy,0,missing
BDI,none,7,present
BEL,media,0,missing
BEL,tech_platform,8,present
BEL,telecom,0,missing
BEL,defense,0,missing
BEL,security,0,missing
BEL,finance,0,missing
BEL,critical_infra,0,missing
BEL,energy,0,missing
BEL,none,21,present
BEN,media,0,missing
BEN,tech_platform,1,present
BEN,telecom,0,missing
BEN,defense,0,missing
BEN,security,0,missing
BEN,finance,0,missing
BEN,critical_infra,0,missing
BEN,energy,0,missing
BEN,none,50,present
BFA,media,0,missing
BFA,tech_platform,8,present
BFA,telecom,0,missing
BFA,defense,0,missing
BFA,security,0,missing
BFA,finance,0,missing
BFA,critical_infra,0,missing
BFA,energy,0,missing
BFA,none,16,present
BGD,media,0,missing
BGD,tech_platform,1,present
BGD,telecom,0,missing
BGD,defense,0,missing
BGD,security,0,missing
BGD,finance,0,missing
BGD,critical_infra,0,missing
BGD,energy,0,missing
BGD,none,10,present
BGR,media,0,missing
BGR,tech_platform,5,present
BGR,telecom,0,missing
BGR,defense,0,missing
BGR,security,0,missing
BGR,finance,0,missing
BGR,critical_infra,0,missing
BGR,energy,0,missing
BGR,none,46,present
BHR,media,0,missing
BHR,tech_platform,0,missing
BHR,telecom,0,missing
BHR,defense,0,missing
BHR,security,0,missing
BHR,finance,0,missing
BHR,critical_infra,0,missing
BHR,energy,0,missing
BHR,none,6,present
BHS,media,0,missing
BHS,tech_platform,0,missing
BHS,telecom,0,missing
BHS,defense,0,missing
BHS,security,0,missing
BHS,finance,0,missing
BHS,critical_infra,0,missing
BHS,energy,0,missing
BHS,none,0,missing
BIH,media,0,missing
BIH,tech_platform,3,present
BIH,telecom,0,missing
BIH,defense,0,missing
BIH,security,0,missing
BIH,finance,0,missing
BIH,critical_infra,0,missing
BIH,energy,0,missing
BIH,none,21,present
BLR,media,0,missing
BLR,tech_platform,1,present
BLR,telecom,1,present
BLR,defense,0,missing
BLR,security,0,missing
BLR,finance,0,missing
BLR,critical_infra,0,missing
BLR,energy,0,missing
BLR,none,7,present
BLZ,media,0,missing
BLZ,tech_platform,0,missing
BLZ,telecom,0,missing
BLZ,defense,0,missing
BLZ,security,0,missing
BLZ,finance,0,missing
BLZ,critical_infra,0,missing
BLZ,energy,0,missing
BLZ,none,0,missing
BOL,media,0,missing
BOL,tech_platform,12,present
BOL,telecom,0,missing
BOL,defense,0,missing
BOL,security,0,missing
BOL,finance,0,missing
BOL,critical_infra,1,present
BOL,energy,0,missing
BOL,none,33,present
BRA,media,0,missing
BRA,tech_platform,8,present
BRA,telecom,0,missing
BRA,defense,0,missing
BRA,security,0,missing
BRA,finance,0,missing
BRA,critical_infra,0,missing
BRA,energy,0,missing
BRA,none,17,present
BRB,media,0,missing
BRB,tech_platform,0,missing
BRB,telecom,0,missing
BRB,defense,0,missing
BRB,security,0,missing
BRB,finance,0,missing
BRB,critical_infra,0,missing
BRB,energy,0,missing
BRB,none,8,present
BRN,media,0,missing
BRN,tech_platform,0,missing
BRN,telecom,0,missing
BRN,defense,0,missing
BRN,security,0,missing
BRN,finance,0,missing
BRN,critical_infra,0,missing
BRN,energy,0,missing
BRN,none,0,missing
BTN,media,0,missing
BTN,tech_platform,0,missing
BTN,telecom,0,missing
BTN,defense,0,missing
BTN,security,0,missing
BTN,finance,0,missing
BTN,critical_infra,0,missing
BTN,energy,0,missing
BTN,none,2,present
BWA,media,0,missing
BWA,tech_platform,0,missing
BWA,telecom,0,missing
BWA,defense,0,missing
BWA,security,0,missing
BWA,finance,0,missing
BWA,critical_infra,0,missing
BWA,energy,0,missing
BWA,none,6,present
CAF,media,0,missing
CAF,tech_platform,2,present
CAF,telecom,0,missing
CAF,defense,0,missing
CAF,security,0,missing
CAF,finance,0,missing
CAF,critical_infra,0,missing
CAF,energy,0,missing
CAF,none,12,present
CAN,media,0,missing
CAN,tech_platform,3,present
CAN,telecom,0,missing
CAN,defense,0,missing
CAN,security,0,missing
CAN,finance,0,missing
CAN,critical_infra,1,present
CAN,energy,0,missing
CAN,none,14,present
CHE,media,0,missing
CHE,tech_platform,3,present
CHE,telecom,1,present
CHE,defense,0,missing
CHE,security,0,missing
CHE,finance,1,present
CHE,critical_infra,2,present
CHE,energy,0,missing
CHE,none,10,present
CHL,media,0,missing
CHL,tech_platform,5,present
CHL,telecom,0,missing
CHL,defense,0,missing
CHL,security,0,missing
CHL,finance,0,missing
CHL,critical_infra,0,missing
CHL,energy,0,missing
CHL,none,31,present
CHN,media,0,missing
CHN,tech_platform,1,present
CHN,telecom,2,present
CHN,defense,0,missing
CHN,security,0,missing
CHN,finance,1,present
CHN,critical_infra,1,present
CHN,energy,0,missing
CHN,none,9,present
CIV,media,0,missing
CIV,tech_platform,0,missing
CIV,telecom,0,missing
CIV,defense,0,missing
CIV,security,0,missing
CIV,finance,0,missing
CIV,critical_infra,0,missing
CIV,energy,0,missing
CIV,none,6,present
CMR,media,0,missing
CMR,tech_platform,1,present
CMR,telecom,0,missing
CMR,defense,0,missing
CMR,security,0,missing
CMR,finance,0,missing
CMR,critical_infra,0,missing
CMR,energy,0,missing
CMR,none,8,present
COD,media,0,missing
COD,tech_platform,5,present
COD,telecom,0,missing
COD,defense,0,missing
COD,security,0,missing
COD,finance,0,missing
COD,critical_infra,0,missing
COD,energy,0,missing
COD,none,16,present
COG,media,0,missing
COG,tech_platform,3,present
COG,telecom,0,missing
COG,defense,0,missing
COG,security,0,missing
COG,finance,0,missing
COG,critical_infra,0,missing
COG,energy,0,missing
COG,none,12,present
COL,media,0,missing
COL,tech_platform,1,present
COL,telecom,0,missing
COL,defense,0,missing
COL,security,0,missing
COL,finance,0,missing
COL,critical_infra,0,missing
COL,energy,0,missing
COL,none,13,present
COM,media,0,missing
COM,tech_platform,0,missing
COM,telecom,0,missing
COM,defense,0,missing
COM,security,0,missing
COM,finance,0,missing
COM,critical_infra,0,missing
COM,energy,0,missing
COM,none,27,present
CPV,media,0,missing
CPV,tech_platform,0,missing
CPV,telecom,0,missing
CPV,defense,0,missing
CPV,security,0,missing
CPV,finance,0,missing
CPV,critical_infra,0,missing
CPV,energy,0,missing
CPV,none,5,present
CRI,media,0,missing
CRI,tech_platform,3,present
CRI,telecom,0,missing
CRI,defense,0,missing
CRI,security,0,missing
CRI,finance,0,missing
CRI,critical_infra,0,missing
CRI,energy,0,missing
CRI,none,45,present
CUB,media,0,missing
CUB,tech_platform,2,present
CUB,telecom,0,missing
CUB,defense,0,missing
CUB,security,0,missing
CUB,finance,0,missing
CUB,critical_infra,0,missing
CUB,energy,0,missing
CUB,none,33,present
CYP,media,0,missing
CYP,tech_platform,2,present
CYP,telecom,0,missing
CYP,defense,0,missing
CYP,security,0,missing
CYP,finance,0,missing
CYP,critical_infra,0,missing
CYP,energy,0,missing
CYP,none,11,present
CZE,media,3,present
CZE,tech_platform,8,present
CZE,telecom,0,missing
CZE,defense,0,missing
CZE,security,0,missing
CZE,finance,1,present
CZE,critical_infra,0,missing
CZE,energy,0,missing
CZE,none,57,present
DEU,media,1,present
DEU,tech_platform,7,present
DEU,telecom,0,missing
DEU,defense,0,missing
DEU,security,0,missing
DEU,finance,0,missing
DEU,critical_infra,0,missing
DEU,energy,0,missing
DEU,none,60,present
DJI,media,0,missing
DJI,tech_platform,2,present
DJI,telecom,0,missing
DJI,defense,0,missing
DJI,security,0,missing
DJI,finance,0,missing
DJI,critical_infra,0,missing
DJI,energy,0,missing
DJI,none,18,present
DMA,media,0,missing
DMA,tech_platform,0,missing
DMA,telecom,0,missing
DMA,defense,0,missing
DMA,security,0,missing
DMA,finance,0,missing
DMA,critical_infra,0,missing
DMA,energy,0,missing
DMA,none,0,missing
DNK,media,0,missing
DNK,tech_platform,3,present
DNK,telecom,0,missing
DNK,defense,0,missing
DNK,security,0,missing
DNK,finance,0,missing
DNK,critical_infra,0,missing
DNK,energy,0,missing
DNK,none,27,present
DOM,media,0,missing
DOM,tech_platform,1,present
DOM,telecom,0,missing
DOM,defense,0,missing
DOM,security,0,missing
DOM,finance,0,missing
DOM,critical_infra,0,missing
DOM,energy,0,missing
DOM,none,14,present
DZA,media,0,missing
DZA,tech_platform,2,present
DZA,telecom,0,missing
DZA,defense,0,missing
DZA,security,0,missing
DZA,finance,0,missing
DZA,critical_infra,0,missing
DZA,energy,0,missing
DZA,none,8,present
ECU,media,0,missing
ECU,tech_platform,3,present
ECU,telecom,0,missing
ECU,defense,0,missing
ECU,security,0,missing
ECU,finance,0,missing
ECU,critical_infra,1,present
ECU,energy,0,missing
ECU,none,35,present
EGY,media,0,missing
EGY,tech_platform,4,present
EGY,telecom,0,missing
EGY,defense,0,missing
EGY,security,0,missing
EGY,finance,0,missing
EGY,critical_infra,0,missing
EGY,energy,0,missing
EGY,none,14,present
ERI,media,0,missing
ERI,tech_platform,0,missing
ERI,telecom,0,missing
ERI,defense,0,missing
ERI,security,0,missing
ERI,finance,0,missing
ERI,critical_infra,0,missing
ERI,energy,0,missing
ERI,none,1,present
ESP,media,0,missing
ESP,tech_platform,5,present
ESP,telecom,0,missing
ESP,defense,0,missing
ESP,security,0,missing
ESP,finance,0,missing
ESP,critical_infra,0,missing
ESP,energy,0,missing
ESP,none,61,present
EST,media,0,missing
EST,tech_platform,5,present
EST,telecom,0,missing
EST,defense,0,missing
EST,security,0,missing
EST,finance,0,missing
EST,critical_infra,0,missing
EST,energy,0,missing
EST,none,38,present
ETH,media,0,missing
ETH,tech_platform,0,missing
ETH,telecom,0,missing
ETH,defense,0,missing
ETH,security,0,missing
ETH,finance,0,missing
ETH,critical_infra,0,missing
ETH,energy,0,missing
ETH,none,5,present
FIN,media,0,missing
FIN,tech_platform,3,present
FIN,telecom,0,missing
FIN,defense,0,missing
FIN,security,0,missing
FIN,finance,0,missing
FIN,critical_infra,0,missing
FIN,energy,0,missing
FIN,none,16,present
FJI,media,0,missing
FJI,tech_platform,1,present
FJI,telecom,0,missing
FJI,defense,0,missing
FJI,security,0,missing
FJI,finance,0,missing
FJI,critical_infra,0,missing
FJI,energy,0,missing
FJI,none,17,present
FRA,media,0,missing
FRA,tech_platform,5,present
FRA,telecom,0,missing
FRA,defense,0,missing
FRA,security,0,missing
FRA,finance,0,missing
FRA,critical_infra,0,missing
FRA,energy,0,missing
FRA,none,49,present
FSM,media,0,missing
FSM,tech_platform,0,missing
FSM,telecom,0,missing
FSM,defense,0,missing
FSM,security,0,missing
FSM,finance,0,missing
FSM,critical_infra,0,missing
FSM,energy,0,missing
FSM,none,0,missing
GAB,media,0,missing
GAB,tech_platform,1,present
GAB,telecom,0,missing
GAB,defense,3,present
GAB,security,0,missing
GAB,finance,0,missing
GAB,critical_infra,0,missing
GAB,energy,0,missing
GAB,none,8,present
GBR,media,1,present
GBR,tech_platform,2,present
GBR,telecom,0,missing
GBR,defense,0,missing
GBR,security,0,missing
GBR,finance,0,missing
GBR,critical_infra,1,present
GBR,energy,0,missing
GBR,none,33,present
GEO,media,0,missing
GEO,tech_platform,0,missing
GEO,telecom,0,missing
GEO,defense,0,missing
GEO,security,0,missing
GEO,finance,0,missing
GEO,critical_infra,0,missing
GEO,energy,0,missing
GEO,none,23,present
GHA,media,0,missing
GHA,tech_platform,1,present
GHA,telecom,0,missing
GHA,defense,0,missing
GHA,security,0,missing
GHA,finance,0,missing
GHA,critical_infra,0,missing
GHA,energy,0,missing
GHA,none,13,present
GIN,media,0,missing
GIN,tech_platform,2,present
GIN,telecom,0,missing
GIN,defense,0,missing
GIN,security,0,missing
GIN,finance,0,missing
GIN,critical_infra,0,missing
GIN,energy,0,missing
GIN,none,9,present
GMB,media,0,missing
GMB,tech_platform,1,present
GMB,telecom,0,missing
GMB,defense,0,missing
GMB,security,0,missing
GMB,finance,0,missing
GMB,critical_infra,0,missing
GMB,energy,0,missing
GMB,none,16,present
GNB,media,0,missing
GNB,tech_platform,3,present
GNB,telecom,0,missing
GNB,defense,0,missing
GNB,security,0,missing
GNB,finance,0,missing
GNB,critical_infra,0,missing
GNB,energy,0,missing
GNB,none,11,present
GNQ,media,0,missing
GNQ,tech_platform,2,present
GNQ,telecom,0,missing
GNQ,defense,0,missing
GNQ,security,0,missing
GNQ,finance,0,missing
GNQ,critical_infra,0,missing
GNQ,energy,0,missing
GNQ,none,10,present
GRC,media,0,missing
GRC,tech_platform,5,present
GRC,telecom,0,missing
GRC,defense,0,missing
GRC,security,0,missing
GRC,finance,0,missing
GRC,critical_infra,1,present
GRC,energy,0,missing
GRC,none,58,present
GRD,media,0,missing
GRD,tech_platform,0,missing
GRD,telecom,0,missing
GRD,defense,0,missing
GRD,security,0,missing
GRD,finance,0,missing
GRD,critical_infra,0,missing
GRD,energy,0,missing
GRD,none,0,missing
GTM,media,0,missing
GTM,tech_platform,2,present
GTM,telecom,0,missing
GTM,defense,0,missing
GTM,security,0,missing
GTM,finance,0,missing
GTM,critical_infra,0,missing
GTM,energy,0,missing
GTM,none,48,present
GUY,media,0,missing
GUY,tech_platform,0,missing
GUY,telecom,0,missing
GUY,defense,0,missing
GUY,security,0,missing
GUY,finance,0,missing
GUY,critical_infra,1,present
GUY,energy,0,missing
GUY,none,12,present
HND,media,0,missing
HND,tech_platform,0,missing
HND,telecom,0,missing
HND,defense,0,missing
HND,security,0,missing
HND,finance,0,missing
HND,critical_infra,0,missing
HND,energy,0,missing
HND,none,8,present
HRV,media,0,missing
HRV,tech_platform,2,present
HRV,telecom,0,missing
HRV,defense,0,missing
HRV,security,0,missing
HRV,finance,0,missing
HRV,critical_infra,0,missing
HRV,energy,0,missing
HRV,none,30,present
HTI,media,0,missing
HTI,tech_platform,5,present
HTI,telecom,0,missing
HTI,defense,0,missing
HTI,security,0,missing
HTI,finance,0,missing
HTI,critical_infra,0,missing
HTI,energy,0,missing
HTI,none,18,present
HUN,media,0,missing
HUN,tech_platform,5,present
HUN,telecom,0,missing
HUN,defense,0,missing
HUN,security,0,missing
HUN,finance,0,missing
HUN,critical_infra,0,missing
HUN,energy,0,missing
HUN,none,27,present
IDN,media,0,missing
IDN,tech_platform,0,missing
IDN,telecom,0,missing
IDN,defense,0,missing
IDN,security,0,missing
IDN,finance,0,missing
IDN,critical_infra,0,missing
IDN,energy,0,missing
IDN,none,21,present
IND,media,0,missing
IND,tech_platform,3,present
IND,telecom,0,missing
IND,defense,0,missing
IND,security,0,missing
IND,finance,0,missing
IND,critical_infra,0,missing
IND,energy,0,missing
IND,none,26,present
IRL,media,0,missing
IRL,tech_platform,2,present
IRL,telecom,0,missing
IRL,defense,0,missing
IRL,security,0,missing
IRL,finance,0,missing
IRL,critical_infra,0,missing
IRL,energy,0,missing
IRL,none,15,present
IRN,media,0,missing
IRN,tech_platform,0,missing
IRN,telecom,0,missing
IRN,defense,0,missing
IRN,security,0,missing
IRN,finance,0,missing
IRN,critical_infra,0,missing
IRN,energy,1,present
IRN,none,32,present
IRQ,media,0,missing
IRQ,tech_platform,2,present
IRQ,telecom,0,missing
IRQ,defense,0,missing
IRQ,security,0,missing
IRQ,finance,0,missing
IRQ,critical_infra,1,present
IRQ,energy,0,missing
IRQ,none,39,present
ISL,media,0,missing
ISL,tech_platform,4,present
ISL,telecom,0,missing
ISL,defense,0,missing
ISL,security,0,missing
ISL,finance,0,missing
ISL,critical_infra,0,missing
ISL,energy,0,missing
ISL,none,25,present
ISR,media,0,missing
ISR,tech_platform,2,present
ISR,telecom,0,missing
ISR,defense,0,missing
ISR,security,0,missing
ISR,finance,0,missing
ISR,critical_infra,1,present
ISR,energy,1,present
ISR,none,29,present
ITA,media,0,missing
ITA,tech_platform,6,present
ITA,telecom,0,missing
ITA,defense,0,missing
ITA,security,0,missing
ITA,finance,0,missing
ITA,critical_infra,0,missing
ITA,energy,0,missing
ITA,none,63,present
JAM,media,0,missing
JAM,tech_platform,1,present
JAM,telecom,0,missing
JAM,defense,0,missing
JAM,security,0,missing
JAM,finance,0,missing
JAM,critical_infra,0,missing
JAM,energy,0,missing
JAM,none,2,present
JOR,media,0,missing
JOR,tech_platform,1,present
JOR,telecom,0,missing
JOR,defense,0,missing
JOR,security,0,missing
JOR,finance,0,missing
JOR,critical_infra,0,missing
JOR,energy,0,missing
JOR,none,9,present
JPN,media,0,missing
JPN,tech_platform,8,present
JPN,telecom,0,missing
JPN,defense,0,missing
JPN,security,0,missing
JPN,finance,0,missing
JPN,critical_infra,0,missing
JPN,energy,0,missing
JPN,none,39,present
KAZ,media,0,missing
KAZ,tech_platform,2,present
KAZ,telecom,0,missing
KAZ,defense,0,missing
KAZ,security,0,missing
KAZ,finance,0,missing
KAZ,critical_infra,0,missing
KAZ,energy,0,missing
KAZ,none,14,present
KEN,media,0,missing
KEN,tech_platform,2,present
KEN,telecom,0,missing
KEN,defense,0,missing
KEN,security,0,missing
KEN,finance,0,missing
KEN,critical_infra,0,missing
KEN,energy,0,missing
KEN,none,25,present
KGZ,media,0,missing
KGZ,tech_platform,2,present
KGZ,telecom,0,missing
KGZ,defense,0,missing
KGZ,security,0,missing
KGZ,finance,0,missing
KGZ,critical_infra,0,missing
KGZ,energy,0,missing
KGZ,none,16,present
KHM,media,0,missing
KHM,tech_platform,3,present
KHM,telecom,0,missing
KHM,defense,0,missing
KHM,security,0,missing
KHM,finance,0,missing
KHM,critical_infra,0,missing
KHM,energy,0,missing
KHM,none,10,present
KIR,media,0,missing
KIR,tech_platform,0,missing
KIR,telecom,0,missing
KIR,defense,0,missing
KIR,security,0,missing
KIR,finance,0,missing
KIR,critical_infra,0,missing
KIR,energy,0,missing
KIR,none,0,missing
KNA,media,0,missing
KNA,tech_platform,0,missing
KNA,telecom,0,missing
KNA,defense,0,missing
KNA,security,0,missing
KNA,finance,0,missing
KNA,critical_infra,0,missing
KNA,energy,0,missing
KNA,none,0,missing
KOR,media,0,missing
KOR,tech_platform,1,present
KOR,telecom,0,missing
KOR,defense,0,missing
KOR,security,0,missing
KOR,finance,0,missing
KOR,critical_infra,0,missing
KOR,energy,0,missing
KOR,none,41,present
KWT,media,0,missing
KWT,tech_platform,0,missing
KWT,telecom,0,missing
KWT,defense,0,missing
KWT,security,0,missing
KWT,finance,0,missing
KWT,critical_infra,0,missing
KWT,energy,0,missing
KWT,none,13,present
LAO,media,0,missing
LAO,tech_platform,0,missing
LAO,telecom,0,missing
LAO,defense,0,missing
LAO,security,0,missing
LAO,finance,0,missing
LAO,critical_infra,0,missing
LAO,energy,0,missing
LAO,none,13,present
LBN,media,0,missing
LBN,tech_platform,1,present
LBN,telecom,0,missing
LBN,defense,0,missing
LBN,security,0,missing
LBN,finance,0,missing
LBN,critical_infra,0,missing
LBN,energy,0,missing
LBN,none,25,present
LBR,media,0,missing
LBR,tech_platform,0,missing
LBR,telecom,0,missing
LBR,defense,0,missing
LBR,security,0,missing
LBR,finance,0,missing
LBR,critical_infra,0,missing
LBR,energy,0,missing
LBR,none,18,present
LBY,media,0,missing
LBY,tech_platform,1,present
LBY,telecom,0,missing
LBY,defense,0,missing
LBY,security,0,missing
LBY,finance,0,missing
LBY,critical_infra,0,missing
LBY,energy,0,missing
LBY,none,3,present
LCA,media,0,missing
LCA,tech_platform,0,missing
LCA,telecom,0,missing
LCA,defense,0,missing
LCA,security,0,missing
LCA,finance,0,missing
LCA,critical_infra,0,missing
LCA,energy,0,missing
LCA,none,0,missing
LIE,media,0,missing
LIE,tech_platform,0,missing
LIE,telecom,0,missing
LIE,defense,0,missing
LIE,security,0,missing
LIE,finance,0,missing
LIE,critical_infra,0,missing
LIE,energy,0,missing
LIE,none,0,missing
LKA,media,0,missing
LKA,tech_platform,0,missing
LKA,telecom,0,missing
LKA,defense,0,missing
LKA,security,0,missing
LKA,finance,0,missing
LKA,critical_infra,0,missing
LKA,energy,0,missing
LKA,none,21,present
LSO,media,0,missing
LSO,tech_platform,0,missing
LSO,telecom,0,missing
LSO,defense,0,missing
LSO,security,0,missing
LSO,finance,0,missing
LSO,critical_infra,0,missing
LSO,energy,0,missing
LSO,none,13,present
LTU,media,0,missing
LTU,tech_platform,4,present
LTU,telecom,0,missing
LTU,defense,0,missing
LTU,security,0,missing
LTU,finance,0,missing
LTU,critical_infra,0,missing
LTU,energy,0,missing
LTU,none,24,present
LUX,media,0,missing
LUX,tech_platform,4,present
LUX,telecom,0,missing
LUX,defense,0,missing
LUX,security,0,missing
LUX,finance,0,missing
LUX,critical_infra,0,missing
LUX,energy,0,missing
LUX,none,18,present
LVA,media,19,present
LVA,tech_platform,6,present
LVA,telecom,0,missing
LVA,defense,0,missing
LVA,security,0,missing
LVA,finance,0,missing
LVA,critical_infra,1,present
LVA,energy,0,missing
LVA,none,28,present
MAR,media,0,missing
MAR,tech_platform,3,present
MAR,telecom,0,missing
MAR,defense,0,missing
MAR,security,0,missing
MAR,finance,0,missing
MAR,critical_infra,0,missing
MAR,energy,0,missing
MAR,none,13,present
MCO,media,0,missing
MCO,tech_platform,0,missing
MCO,telecom,0,missing
MCO,defense,0,missing
MCO,security,0,missing
MCO,finance,0,missing
MCO,critical_infra,0,missing
MCO,energy,0,missing
MCO,none,0,missing
MDA,media,0,missing
MDA,tech_platform,3,present
MDA,telecom,0,missing
MDA,defense,0,missing
MDA,security,0,missing
MDA,finance,1,present
MDA,critical_infra,0,missing
MDA,energy,0,missing
MDA,none,17,present
MDG,media,0,missing
MDG,tech_platform,2,present
MDG,telecom,0,missing
MDG,defense,0,missing
MDG,security,0,missing
MDG,finance,0,missing
MDG,critical_infra,2,present
MDG,energy,7,present
MDG,none,10,present
MDV,media,0,missing
MDV,tech_platform,0,missing
MDV,telecom,0,missing
MDV,defense,0,missing
MDV,security,0,missing
MDV,finance,0,missing
MDV,critical_infra,0,missing
MDV,energy,0,missing
MDV,none,11,present
MEX,media,0,missing
MEX,tech_platform,1,present
MEX,telecom,0,missing
MEX,defense,0,missing
MEX,security,0,missing
MEX,finance,0,missing
MEX,critical_infra,0,missing
MEX,energy,0,missing
MEX,none,15,present
MHL,media,0,missing
MHL,tech_platform,0,missing
MHL,telecom,0,missing
MHL,defense,0,missing
MHL,security,0,missing
MHL,finance,0,missing
MHL,critical_infra,0,missing
MHL,energy,0,missing
MHL,none,0,missing
MKD,media,0,missing
MKD,tech_platform,4,present
MKD,telecom,0,missing
MKD,defense,0,missing
MKD,security,0,missing
MKD,finance,0,missing
MKD,critical_infra,1,present
MKD,energy,0,missing
MKD,none,13,present
MLI,media,0,missing
MLI,tech_platform,0,missing
MLI,telecom,0,missing
MLI,defense,0,missing
MLI,security,0,missing
MLI,finance,0,missing
MLI,critical_infra,0,missing
MLI,energy,0,missing
MLI,none,12,present
MLT,media,0,missing
MLT,tech_platform,0,missing
MLT,telecom,0,missing
MLT,defense,0,missing
MLT,security,0,missing
MLT,finance,0,missing
MLT,critical_infra,0,missing
MLT,energy,0,missing
MLT,none,11,present
MMR,media,0,missing
MMR,tech_platform,2,present
MMR,telecom,0,missing
MMR,defense,0,missing
MMR,security,0,missing
MMR,finance,0,missing
MMR,critical_infra,0,missing
MMR,energy,0,missing
MMR,none,29,present
MNE,media,0,missing
MNE,tech_platform,3,present
MNE,telecom,0,missing
MNE,defense,0,missing
MNE,security,0,missing
MNE,finance,0,missing
MNE,critical_infra,0,missing
MNE,energy,0,missing
MNE,none,27,present
MNG,media,0,missing
MNG,tech_platform,2,present
MNG,telecom,0,missing
MNG,defense,0,missing
MNG,security,0,missing
MNG,finance,0,missing
MNG,critical_infra,0,missing
MNG,energy,0,missing
MNG,none,12,present
MOZ,media,0,missing
MOZ,tech_platform,0,missing
MOZ,telecom,0,missing
MOZ,defense,0,missing
MOZ,security,0,missing
MOZ,finance,0,missing
MOZ,critical_infra,0,missing
MOZ,energy,0,missing
MOZ,none,4,present
MRT,media,0,missing
MRT,tech_platform,3,present
MRT,telecom,0,missing
MRT,defense,0,missing
MRT,security,0,missing
MRT,finance,0,missing
MRT,critical_infra,0,missing
MRT,energy,0,missing
MRT,none,13,present
MUS,media,0,missing
MUS,tech_platform,5,present
MUS,telecom,0,missing
MUS,defense,0,missing
MUS,security,0,missing
MUS,finance,0,missing
MUS,critical_infra,0,missing
MUS,energy,0,missing
MUS,none,26,present
MWI,media,0,missing
MWI,tech_platform,0,missing
MWI,telecom,0,missing
MWI,defense,0,missing
MWI,security,0,missing
MWI,finance,0,missing
MWI,critical_infra,0,missing
MWI,energy,0,missing
MWI,none,12,present
MYS,media,0,missing
MYS,tech_platform,2,present
MYS,telecom,0,missing
MYS,defense,0,missing
MYS,security,0,missing
MYS,finance,0,missing
MYS,critical_infra,0,missing
MYS,energy,0,missing
MYS,none,32,present
NAM,media,0,missing
NAM,tech_platform,0,missing
NAM,telecom,0,missing
NAM,defense,0,missing
NAM,security,0,missing
NAM,finance,0,missing
NAM,critical_infra,0,missing
NAM,energy,0,missing
NAM,none,10,present
NER,media,0,missing
NER,tech_platform,3,present
NER,telecom,0,missing
NER,defense,0,missing
NER,security,0,missing
NER,finance,0,missing
NER,critical_infra,0,missing
NER,energy,0,missing
NER,none,11,present
NGA,media,0,missing
NGA,tech_platform,1,present
NGA,telecom,0,missing
NGA,defense,0,missing
NGA,security,0,missing
NGA,finance,0,missing
NGA,critical_infra,0,missing
NGA,energy,0,missing
NGA,none,24,present
NIC,media,0,missing
NIC,tech_platform,2,present
NIC,telecom,0,missing
NIC,defense,0,missing
NIC,security,0,missing
NIC,finance,0,missing
NIC,critical_infra,0,missing
NIC,energy,0,missing
NIC,none,19,present
NLD,media,0,missing
NLD,tech_platform,3,present
NLD,telecom,0,missing
NLD,defense,0,missing
NLD,security,0,missing
NLD,finance,0,missing
NLD,critical_infra,0,missing
NLD,energy,0,missing
NLD,none,17,present
NOR,media,0,missing
NOR,tech_platform,4,present
NOR,telecom,0,missing
NOR,defense,0,missing
NOR,security,0,missing
NOR,finance,0,missing
NOR,critical_infra,0,missing
NOR,energy,0,missing
NOR,none,23,present
NPL,media,0,missing
NPL,tech_platform,1,present
NPL,telecom,0,missing
NPL,defense,0,missing
NPL,security,0,missing
NPL,finance,0,missing
NPL,critical_infra,0,missing
NPL,energy,0,missing
NPL,none,10,present
NRU,media,0,missing
NRU,tech_platform,0,missing
NRU,telecom,0,missing
NRU,defense,0,missing
NRU,security,0,missing
NRU,finance,0,missing
NRU,critical_infra,0,missing
NRU,energy,0,missing
NRU,none,0,missing
NZL,media,0,missing
NZL,tech_platform,1,present
NZL,telecom,0,missing
NZL,defense,0,missing
NZL,security,0,missing
NZL,finance,0,missing
NZL,critical_infra,0,missing
NZL,energy,0,missing
NZL,none,14,present
OMN,media,0,missing
OMN,tech_platform,0,missing
OMN,telecom,0,missing
OMN,defense,0,missing
OMN,security,0,missing
OMN,finance,0,missing
OMN,critical_infra,0,missing
OMN,energy,0,missing
OMN,none,1,present
PAK,media,0,missing
PAK,tech_platform,1,present
PAK,telecom,0,missing
PAK,defense,0,missing
PAK,security,0,missing
PAK,finance,0,missing
PAK,critical_infra,0,missing
PAK,energy,0,missing
PAK,none,11,present
PAN,media,0,missing
PAN,tech_platform,1,present
PAN,telecom,0,missing
PAN,defense,0,missing
PAN,security,0,missing
PAN,finance,0,missing
PAN,critical_infra,0,missing
PAN,energy,0,missing
PAN,none,34,present
PER,media,0,missing
PER,tech_platform,2,present
PER,telecom,0,missing
PER,defense,0,missing
PER,security,0,missing
PER,finance,0,missing
PER,critical_infra,0,missing
PER,energy,0,missing
PER,none,40,present
PHL,media,0,missing
PHL,tech_platform,0,missing
PHL,telecom,0,missing
PHL,defense,0,missing
PHL,security,0,missing
PHL,finance,0,missing
PHL,critical_infra,2,present
PHL,energy,0,missing
PHL,none,27,present
PLW,media,0,missing
PLW,tech_platform,0,missing
PLW,telecom,0,missing
PLW,defense,0,missing
PLW,security,0,missing
PLW,finance,0,missing
PLW,critical_infra,0,missing
PLW,energy,0,missing
PLW,none,0,missing
PNG,media,0,missing
PNG,tech_platform,1,present
PNG,telecom,0,missing
PNG,defense,0,missing
PNG,security,0,missing
PNG,finance,0,missing
PNG,critical_infra,1,present
PNG,energy,0,missing
PNG,none,21,present
POL,media,0,missing
POL,tech_platform,5,present
POL,telecom,1,present
POL,defense,1,present
POL,security,0,missing
POL,finance,0,missing
POL,critical_infra,2,present
POL,energy,0,missing
POL,none,50,present
PRK,media,0,missing
PRK,tech_platform,0,missing
PRK,telecom,0,missing
PRK,defense,0,missing
PRK,security,0,missing
PRK,finance,0,missing
PRK,critical_infra,0,missing
PRK,energy,0,missing
PRK,none,1,present
PRT,media,0,missing
PRT,tech_platform,4,present
PRT,telecom,0,missing
PRT,defense,0,missing
PRT,security,0,missing
PRT,finance,0,missing
PRT,critical_infra,2,present
PRT,energy,0,missing
PRT,none,18,present
PRY,media,0,missing
PRY,tech_platform,0,missing
PRY,telecom,0,missing
PRY,defense,0,missing
PRY,security,0,missing
PRY,finance,0,missing
PRY,critical_infra,0,missing
PRY,energy,0,missing
PRY,none,10,present
QAT,media,0,missing
QAT,tech_platform,0,missing
QAT,telecom,0,missing
QAT,defense,0,missing
QAT,security,0,missing
QAT,finance,0,missing
QAT,critical_infra,0,missing
QAT,energy,0,missing
QAT,none,0,missing
ROU,media,0,missing
ROU,tech_platform,6,present
ROU,telecom,0,missing
ROU,defense,1,present
ROU,security,0,missing
ROU,finance,0,missing
ROU,critical_infra,0,missing
ROU,energy,0,missing
ROU,none,46,present
RUS,media,1,present
RUS,tech_platform,6,present
RUS,telecom,1,present
RUS,defense,0,missing
RUS,security,0,missing
RUS,finance,1,present
RUS,critical_infra,1,present
RUS,energy,3,present
RUS,none,67,present
RWA,media,0,missing
RWA,tech_platform,2,present
RWA,telecom,0,missing
RWA,defense,0,missing
RWA,security,0,missing
RWA,finance,0,missing
RWA,critical_infra,0,missing
RWA,energy,0,missing
RWA,none,6,present
SAU,media,0,missing
SAU,tech_platform,0,missing
SAU,telecom,0,missing
SAU,defense,0,missing
SAU,security,0,missing
SAU,finance,1,present
SAU,critical_infra,0,missing
SAU,energy,0,missing
SAU,none,1,present
SDN,media,0,missing
SDN,tech_platform,1,present
SDN,telecom,0,missing
SDN,defense,0,missing
SDN,security,0,missing
SDN,finance,0,missing
SDN,critical_infra,0,missing
SDN,energy,0,missing
SDN,none,11,present
SEN,media,0,missing
SEN,tech_platform,4,present
SEN,telecom,0,missing
SEN,defense,0,missing
SEN,security,0,missing
SEN,finance,0,missing
SEN,critical_infra,0,missing
SEN,energy,0,missing
SEN,none,13,present
SGP,media,0,missing
SGP,tech_platform,2,present
SGP,telecom,0,missing
SGP,defense,0,missing
SGP,security,0,missing
SGP,finance,0,missing
SGP,critical_infra,0,missing
SGP,energy,0,missing
SGP,none,22,present
SLB,media,0,missing
SLB,tech_platform,0,missing
SLB,telecom,0,missing
SLB,defense,0,missing
SLB,security,0,missing
SLB,finance,0,missing
SLB,critical_infra,0,missing
SLB,energy,0,missing
SLB,none,19,present
SLE,media,0,missing
SLE,tech_platform,0,missing
SLE,telecom,0,missing
SLE,defense,0,missing
SLE,security,0,missing
SLE,finance,0,missing
SLE,critical_infra,0,missing
SLE,energy,0,missing
SLE,none,11,present
SLV,media,0,missing
SLV,tech_platform,0,missing
SLV,telecom,0,missing
SLV,defense,0,missing
SLV,security,0,missing
SLV,finance,0,missing
SLV,critical_infra,0,missing
SLV,energy,0,missing
SLV,none,20,present
SMR,media,0,missing
SMR,tech_platform,0,missing
SMR,telecom,0,missing
SMR,defense,0,missing
SMR,security,0,missing
SMR,finance,0,missing
SMR,critical_infra,0,missing
SMR,energy,0,missing
SMR,none,0,missing
SOM,media,0,missing
SOM,tech_platform,1,present
SOM,telecom,0,missing
SOM,defense,0,missing
SOM,security,0,missing
SOM,finance,0,missing
SOM,critical_infra,0,missing
SOM,energy,0,missing
SOM,none,9,present
SRB,media,0,missing
SRB,tech_platform,11,present
SRB,telecom,0,missing
SRB,defense,0,missing
SRB,security,0,missing
SRB,finance,0,missing
SRB,critical_infra,0,missing
SRB,energy,0,missing
SRB,none,60,present
SSD,media,0,missing
SSD,tech_platform,0,missing
SSD,telecom,0,missing
SSD,defense,0,missing
SSD,security,0,missing
SSD,finance,0,missing
SSD,critical_infra,0,missing
SSD,energy,0,missing
SSD,none,0,missing
STP,media,0,missing
STP,tech_platform,1,present
STP,telecom,0,missing
STP,defense,0,missing
STP,security,0,missing
STP,finance,0,missing
STP,critical_infra,0,missing
STP,energy,0,missing
STP,none,5,present
SUR,media,0,missing
SUR,tech_platform,2,present
SUR,telecom,0,missing
SUR,defense,0,missing
SUR,security,0,missing
SUR,finance,0,missing
SUR,critical_infra,0,missing
SUR,energy,0,missing
SUR,none,39,present
SVK,media,0,missing
SVK,tech_platform,2,present
SVK,telecom,0,missing
SVK,defense,0,missing
SVK,security,0,missing
SVK,finance,0,missing
SVK,critical_infra,0,missing
SVK,energy,0,missing
SVK,none,25,present
SVN,media,1,present
SVN,tech_platform,2,present
SVN,telecom,0,missing
SVN,defense,0,missing
SVN,security,0,missing
SVN,finance,0,missing
SVN,critical_infra,0,missing
SVN,energy,0,missing
SVN,none,19,present
SWE,media,0,missing
SWE,tech_platform,2,present
SWE,telecom,0,missing
SWE,defense,0,missing
SWE,security,0,missing
SWE,finance,0,missing
SWE,critical_infra,0,missing
SWE,energy,0,missing
SWE,none,18,present
SWZ,media,0,missing
SWZ,tech_platform,0,missing
SWZ,telecom,0,missing
SWZ,defense,0,missing
SWZ,security,0,missing
SWZ,finance,0,missing
SWZ,critical_infra,0,missing
SWZ,energy,0,missing
SWZ,none,6,present
SYC,media,0,missing
SYC,tech_platform,0,missing
SYC,telecom,0,missing
SYC,defense,0,missing
SYC,security,0,missing
SYC,finance,0,missing
SYC,critical_infra,0,missing
SYC,energy,0,missing
SYC,none,4,present
SYR,media,0,missing
SYR,tech_platform,7,present
SYR,telecom,0,missing
SYR,defense,0,missing
SYR,security,0,missing
SYR,finance,0,missing
SYR,critical_infra,0,missing
SYR,energy,0,missing
SYR,none,11,present
TCD,media,0,missing
TCD,tech_platform,7,present
TCD,telecom,0,missing
TCD,defense,0,missing
TCD,security,0,missing
TCD,finance,0,missing
TCD,critical_infra,0,missing
TCD,energy,0,missing
TCD,none,13,present
TGO,media,0,missing
TGO,tech_platform,1,present
TGO,telecom,0,missing
TGO,defense,0,missing
TGO,security,0,missing
TGO,finance,0,missing
TGO,critical_infra,0,missing
TGO,energy,0,missing
TGO,none,16,present
THA,media,0,missing
THA,tech_platform,14,present
THA,telecom,0,missing
THA,defense,0,missing
THA,security,0,missing
THA,finance,0,missing
THA,critical_infra,2,present
THA,energy,0,missing
THA,none,18,present
TJK,media,0,missing
TJK,tech_platform,1,present
TJK,telecom,0,missing
TJK,defense,0,missing
TJK,security,0,missing
TJK,finance,0,missing
TJK,critical_infra,0,missing
TJK,energy,0,missing
TJK,none,4,present
TKM,media,0,missing
TKM,tech_platform,0,missing
TKM,telecom,0,missing
TKM,defense,0,missing
TKM,security,0,missing
TKM,finance,0,missing
TKM,critical_infra,0,missing
TKM,energy,0,missing
TKM,none,7,present
TLS,media,0,missing
TLS,tech_platform,2,present
TLS,telecom,0,missing
TLS,defense,0,missing
TLS,security,0,missing
TLS,finance,0,missing
TLS,critical_infra,0,missing
TLS,energy,0,missing
TLS,none,11,present
TON,media,0,missing
TON,tech_platform,0,missing
TON,telecom,0,missing
TON,defense,0,missing
TON,security,0,missing
TON,finance,0,missing
TON,critical_infra,0,missing
TON,energy,0,missing
TON,none,0,missing
TTO,media,0,missing
TTO,tech_platform,1,present
TTO,telecom,0,missing
TTO,defense,0,missing
TTO,security,0,missing
TTO,finance,0,missing
TTO,critical_infra,0,missing
TTO,energy,0,missing
TTO,none,13,present
TUN,media,0,missing
TUN,tech_platform,3,present
TUN,telecom,0,missing
TUN,defense,0,missing
TUN,security,0,missing
TUN,finance,0,missing
TUN,critical_infra,0,missing
TUN,energy,0,missing
TUN,none,9,present
TUR,media,0,missing
TUR,tech_platform,1,present
TUR,telecom,0,missing
TUR,defense,0,missing
TUR,security,0,missing
TUR,finance,0,missing
TUR,critical_infra,0,missing
TUR,energy,0,missing
TUR,none,25,present
TUV,media,0,missing
TUV,tech_platform,0,missing
TUV,telecom,0,missing
TUV,defense,0,missing
TUV,security,0,missing
TUV,finance,0,missing
TUV,critical_infra,0,missing
TUV,energy,0,missing
TUV,none,0,missing
TZA,media,0,missing
TZA,tech_platform,0,missing
TZA,telecom,0,missing
TZA,defense,0,missing
TZA,security,0,missing
TZA,finance,0,missing
TZA,critical_infra,0,missing
TZA,energy,0,missing
TZA,none,8,present
UGA,media,0,missing
UGA,tech_platform,0,missing
UGA,telecom,0,missing
UGA,defense,0,missing
UGA,security,0,missing
UGA,finance,0,missing
UGA,critical_infra,0,missing
UGA,energy,0,missing
UGA,none,8,present
UKR,media,0,missing
UKR,tech_platform,13,present
UKR,telecom,0,missing
UKR,defense,1,present
UKR,security,0,missing
UKR,finance,0,missing
UKR,critical_infra,0,missing
UKR,energy,0,missing
UKR,none,13,present
URY,media,0,missing
URY,tech_platform,0,missing
URY,telecom,0,missing
URY,defense,0,missing
URY,security,0,missing
URY,finance,0,missing
URY,critical_infra,0,missing
URY,energy,0,missing
URY,none,9,present
USA,media,2,present
USA,tech_platform,10,present
USA,telecom,1,present
USA,defense,0,missing
USA,security,0,missing
USA,finance,2,present
USA,critical_infra,4,present
USA,energy,2,present
USA,none,41,present
UZB,media,0,missing
UZB,tech_platform,1,present
UZB,telecom,0,missing
UZB,defense,0,missing
UZB,security,0,missing
UZB,finance,0,missing
UZB,critical_infra,0,missing
UZB,energy,0,missing
UZB,none,6,present
VAT,media,0,missing
VAT,tech_platform,0,missing
VAT,telecom,0,missing
VAT,defense,0,missing
VAT,security,0,missing
VAT,finance,0,missing
VAT,critical_infra,0,missing
VAT,energy,0,missing
VAT,none,0,missing
VCT,media,0,missing
VCT,tech_platform,0,missing
VCT,telecom,0,missing
VCT,defense,0,missing
VCT,security,0,missing
VCT,finance,0,missing
VCT,critical_infra,0,missing
VCT,energy,0,missing
VCT,none,0,missing
VEN,media,0,missing
VEN,tech_platform,4,present
VEN,telecom,0,missing
VEN,defense,0,missing
VEN,security,0,missing
VEN,finance,0,missing
VEN,critical_infra,0,missing
VEN,energy,0,missing
VEN,none,18,present
VNM,media,0,missing
VNM,tech_platform,1,present
VNM,telecom,0,missing
VNM,defense,0,missing
VNM,security,0,missing
VNM,finance,0,missing
VNM,critical_infra,0,missing
VNM,energy,0,missing
VNM,none,6,present
VUT,media,0,missing
VUT,tech_platform,0,missing
VUT,telecom,0,missing
VUT,defense,0,missing
VUT,security,0,missing
VUT,finance,0,missing
VUT,critical_infra,0,missing
VUT,energy,0,missing
VUT,none,14,present
WSM,media,0,missing
WSM,tech_platform,0,missing
WSM,telecom,0,missing
WSM,defense,0,missing
WSM,security,0,missing
WSM,finance,0,missing
WSM,critical_infra,0,missing
WSM,energy,0,missing
WSM,none,0,missing
YEM,media,0,missing
YEM,tech_platform,1,present
YEM,telecom,0,missing
YEM,defense,0,missing
YEM,security,0,missing
YEM,finance,0,missing
YEM,critical_infra,0,missing
YEM,energy,0,missing
YEM,none,4,present
ZAF,media,0,missing
ZAF,tech_platform,0,missing
ZAF,telecom,0,missing
ZAF,defense,0,missing
ZAF,security,0,missing
ZAF,finance,0,missing
ZAF,critical_infra,0,missing
ZAF,energy,0,missing
ZAF,none,20,present
ZMB,media,0,missing
ZMB,tech_platform,0,missing
ZMB,telecom,0,missing
ZMB,defense,0,missing
ZMB,security,0,missing
ZMB,finance,0,missing
ZMB,critical_infra,0,missing
ZMB,energy,0,missing
ZMB,none,15,present
ZWE,media,0,missing
ZWE,tech_platform,1,present
ZWE,telecom,0,missing
ZWE,defense,0,missing
ZWE,security,0,missing
ZWE,finance,0,missing
ZWE,critical_infra,0,missing
ZWE,energy,0,missing
ZWE,none,31,present
